onset	duration	nwb_table	Block	sound	sound_puretone	sound_freq	sound_amp
10.761623270935607	2.0	trials	0.0	True	True	10000.0	False
16.212976250514565	2.0	trials	0.0	True	True	10000.0	False
23.01373219765088	2.0	trials	0.0	True	True	10000.0	False
28.50232379158617	2.0	trials	0.0	True	True	10000.0	False
33.92067178117878	2.0	trials	0.0	True	True	10000.0	False
40.91971686972527	2.0	trials	0.0	True	True	10000.0	False
46.525121936073006	2.0	trials	0.0	True	True	10000.0	False
52.26626218375206	2.0	trials	0.0	True	True	10000.0	False
57.62819064857741	2.0	trials	0.0	True	True	10000.0	False
64.66637516242186	2.0	trials	0.0	True	True	10000.0	False
71.3294087167879	2.0	trials	0.0	True	True	10000.0	False
76.93058015876565	2.0	trials	0.0	True	True	10000.0	False
83.33838664397015	2.0	trials	0.0	True	True	10000.0	False
89.40093674177814	2.0	trials	0.0	True	True	10000.0	False
95.77660224196975	2.0	trials	0.0	True	True	10000.0	False
102.70298451224787	2.0	trials	0.0	True	True	10000.0	False
108.5217988070414	2.0	trials	0.0	True	True	10000.0	False
114.83283673521787	2.0	trials	0.0	True	True	10000.0	False
120.1789539090288	2.0	trials	0.0	True	True	10000.0	False
125.59738829911876	2.0	trials	0.0	True	True	10000.0	False
132.23640251522247	2.0	trials	0.0	True	True	10000.0	False
138.03499909363694	2.0	trials	0.0	True	True	10000.0	False
143.59124227699454	2.0	trials	0.0	True	True	10000.0	False
149.8515631132286	2.0	trials	0.0	True	True	10000.0	False
155.43597285872113	2.0	trials	0.0	True	True	10000.0	False
162.26947459435175	2.0	trials	0.0	True	True	10000.0	False
168.04750785439776	2.0	trials	0.0	True	True	10000.0	False
174.31171671301243	2.0	trials	0.0	True	True	10000.0	False
179.622582483906	2.0	trials	0.0	True	True	10000.0	False
184.81810359084201	2.0	trials	0.0	True	True	10000.0	False
190.5131923734354	2.0	trials	0.0	True	True	10000.0	False
197.47776366354066	2.0	trials	0.0	True	True	10000.0	False
204.12066590202497	2.0	trials	0.0	True	True	10000.0	False
209.95822910474266	2.0	trials	0.0	True	True	10000.0	False
215.73686716827012	2.0	trials	0.0	True	True	10000.0	False
222.2882712800645	2.0	trials	0.0	True	True	10000.0	False
228.7987215561166	2.0	trials	0.0	True	True	10000.0	False
233.94810479746965	2.0	trials	0.0	True	True	10000.0	False
239.67092813971124	2.0	trials	0.0	True	True	10000.0	False
245.50918254640774	2.0	trials	0.0	True	True	10000.0	False
251.40057325897232	2.0	trials	0.0	True	True	10000.0	False
258.4213048723528	2.0	trials	0.0	True	True	10000.0	False
264.2363175452631	2.0	trials	0.0	True	True	10000.0	False
269.6107740822037	2.0	trials	0.0	True	True	10000.0	False
275.1209658004756	2.0	trials	0.0	True	True	10000.0	False
280.68844104848824	2.0	trials	0.0	True	True	10000.0	False
286.16977500064644	2.0	trials	0.0	True	True	10000.0	False
291.7204885521738	2.0	trials	0.0	True	True	10000.0	False
298.0685922937119	2.0	trials	0.0	True	True	10000.0	False
304.93354381037665	2.0	trials	0.0	True	True	10000.0	False
310.99954992807847	2.0	trials	0.0	True	True	10000.0	False
316.7263476931981	2.0	trials	0.0	True	True	10000.0	False
321.85361240723034	2.0	trials	0.0	True	True	10000.0	False
328.6935077796646	2.0	trials	0.0	True	True	10000.0	False
335.57720820425357	2.0	trials	0.0	True	True	10000.0	False
341.6896977895278	2.0	trials	0.0	True	True	10000.0	False
348.05758724495826	2.0	trials	0.0	True	True	10000.0	False
354.7945796250529	2.0	trials	0.0	True	True	10000.0	False
361.41475853273505	2.0	trials	0.0	True	True	10000.0	False
366.57260902282803	2.0	trials	0.0	True	True	10000.0	True
372.5841828272016	2.0	trials	0.0	True	True	10000.0	True
378.0505694933188	2.0	trials	0.0	True	True	10000.0	True
383.51064892312974	2.0	trials	0.0	True	True	10000.0	True
390.3202177209954	2.0	trials	0.0	True	True	10000.0	True
395.94990132709745	2.0	trials	0.0	True	True	10000.0	True
402.42484099874025	2.0	trials	0.0	True	True	10000.0	True
410.1387638023315	2.0	trials	0.0	True	True	10000.0	True
416.80473497360725	2.0	trials	0.0	True	True	10000.0	True
424.7851169110151	2.0	trials	0.0	True	True	10000.0	True
431.24709650805596	2.0	trials	0.0	True	True	10000.0	True
439.00732997822496	2.0	trials	0.0	True	True	10000.0	True
444.76514552189184	2.0	trials	0.0	True	True	10000.0	True
449.8833381837028	2.0	trials	0.0	True	True	10000.0	True
456.4305950716245	2.0	trials	0.0	True	True	10000.0	True
461.99133108084413	2.0	trials	0.0	True	True	10000.0	True
468.8555913935301	2.0	trials	0.0	True	True	10000.0	True
475.905612775511	2.0	trials	0.0	True	True	10000.0	True
483.6816575366944	2.0	trials	0.0	True	True	10000.0	True
490.7595862793183	2.0	trials	0.0	True	True	10000.0	True
497.2717645653173	2.0	trials	0.0	True	True	10000.0	True
504.42391133516185	2.0	trials	0.0	True	True	10000.0	True
510.40628177143225	2.000000000000057	trials	0.0	True	True	10000.0	True
517.3244559944624	2.0	trials	0.0	True	True	10000.0	True
523.0600666103113	2.0	trials	0.0	True	True	10000.0	True
529.0429554495659	2.0	trials	0.0	True	True	10000.0	True
536.3445750798197	2.0	trials	0.0	True	True	10000.0	True
544.1624376817189	2.0	trials	0.0	True	True	10000.0	True
551.9807322861046	2.0	trials	0.0	True	True	10000.0	True
559.7445945771622	2.0	trials	0.0	True	True	10000.0	True
566.7971215735662	2.0	trials	0.0	True	True	10000.0	True
572.2127911477411	2.0	trials	0.0	True	True	10000.0	True
578.1648350094429	2.0	trials	0.0	True	True	10000.0	True
584.660337999454	2.0	trials	0.0	True	True	10000.0	True
591.0087873429816	2.0	trials	0.0	True	True	10000.0	True
596.3873047032973	2.0	trials	0.0	True	True	10000.0	True
603.6010550277499	2.0	trials	0.0	True	True	10000.0	True
610.1210093585103	2.0	trials	0.0	True	True	10000.0	True
616.7471499005092	2.0	trials	0.0	True	True	10000.0	True
624.4974473134835	2.0	trials	0.0	True	True	10000.0	True
631.3985142380391	2.0	trials	0.0	True	True	10000.0	True
636.9290100731873	2.0	trials	0.0	True	True	10000.0	True
644.9710819657005	2.0	trials	0.0	True	True	10000.0	True
650.0817577842423	2.0	trials	0.0	True	True	10000.0	True
655.3895995377288	2.0	trials	0.0	True	True	10000.0	True
661.6875045903085	2.0	trials	0.0	True	True	10000.0	True
668.2260350279983	2.0	trials	0.0	True	True	10000.0	True
675.6907787972424	2.0	trials	0.0	True	True	10000.0	True
682.4830674956387	2.0	trials	0.0	True	True	10000.0	True
688.8188159660563	2.0	trials	0.0	True	True	10000.0	True
694.2544440551183	2.0	trials	0.0	True	True	10000.0	True
700.938386529842	2.0	trials	0.0	True	True	10000.0	True
708.1925722870526	2.0	trials	0.0	True	True	10000.0	True
715.2909779475476	2.0	trials	0.0	True	True	10000.0	True
722.9045897737197	2.0	trials	0.0	True	True	10000.0	True
728.2748990867876	2.0	trials	0.0	True	True	10000.0	True
734.4324897316767	2.0	trials	0.0	True	True	10000.0	True
741.5409178498638	2.0	trials	0.0	True	True	10000.0	True
747.5889526641178	2.0	trials	0.0	True	True	10000.0	True
754.9927840827322	2.0	trials	0.0	True	True	10000.0	True
761.6955618658778	2.0	trials	0.0	True	True	10000.0	True
769.7239824798103	2.0	trials	0.0	True	True	10000.0	True
774.9065435121444	2.0	trials	0.0	True	True	10000.0	True
782.6175286988258	2.0	trials	0.0	True	True	10000.0	True
788.5400235904352	2.0	trials	0.0	True	True	10000.0	True
796.0399323620991	2.0	trials	0.0	True	True	10000.0	True
802.4956911233311	2.0	trials	0.0	True	True	10000.0	True
809.7016654030224	2.0	trials	0.0	True	True	10000.0	True
816.1639906020524	2.0	trials	0.0	True	True	10000.0	True
821.3179530697648	2.0	trials	0.0	True	True	10000.0	True
827.6845465177352	2.0	trials	0.0	True	True	10000.0	True
833.0437101666454	2.0	trials	0.0	True	True	10000.0	True
841.1216382655573	2.0	trials	0.0	True	True	10000.0	True
847.3404004625678	2.0	trials	0.0	True	True	10000.0	True
853.5204552367669	2.0	trials	0.0	True	True	10000.0	True
860.0305599108297	2.0	trials	0.0	True	True	10000.0	True
867.69860405033	2.0	trials	0.0	True	True	10000.0	True
875.7086213583278	2.0	trials	0.0	True	True	10000.0	True
883.3633598212367	2.0	trials	0.0	True	True	10000.0	True
891.094994726784	2.0	trials	0.0	True	True	10000.0	True
896.4852625547388	2.0	trials	0.0	True	True	10000.0	True
902.425383147807	2.0	trials	0.0	True	True	10000.0	True
909.0935143315164	2.0	trials	0.0	True	True	10000.0	True
914.4837821594714	2.0	trials	0.0	True	True	10000.0	True
921.5255090937071	2.0	trials	0.0	True	True	10000.0	True
927.4414375475181	2.0	trials	0.0	True	True	10000.0	True
935.2619785648351	2.0	trials	0.0	True	True	10000.0	True
941.6253751944034	2.0	trials	0.0	True	True	10000.0	True
948.6343563401447	2.0	trials	0.0	True	True	10000.0	True
955.9026253784228	2.0	trials	0.0	True	True	10000.0	True
961.896919083327	2.0	trials	0.0	True	True	10000.0	True
968.5060387273489	2.0	trials	0.0	True	True	10000.0	True
976.3662375729477	2.0	trials	0.0	True	True	10000.0	True
981.9679274179097	2.0	trials	0.0	True	True	10000.0	True
987.5260714122089	2.0	trials	0.0	True	True	10000.0	True
992.8848894591298	2.0	trials	0.0	True	True	10000.0	True
999.8040140876308	2.0	trials	0.0	True	True	10000.0	True
1006.3725254978998	2.0	trials	0.0	True	True	10000.0	True
1014.0645889756624	2.0	trials	0.0	True	True	10000.0	True
1021.0244082384137	2.0	trials	0.0	True	True	10000.0	True
1028.7013516291404	2.0	trials	0.0	True	True	10000.0	True
1036.4389481690048	2.0	trials	0.0	True	True	10000.0	True
1041.556968029821	2.0	trials	0.0	True	True	10000.0	True
1048.7584494836503	2.0	trials	0.0	True	True	10000.0	True
1055.8491654998813	2.0	trials	0.0	True	True	10000.0	True
1063.2113518787753	2.0	trials	0.0	True	True	10000.0	True
1070.8132132373082	2.0	trials	0.0	True	True	10000.0	True
1078.655440779459	2.0	trials	0.0	True	True	10000.0	True
1083.7688814139158	2.0	trials	0.0	True	True	10000.0	True
1090.661394689234	2.0	trials	0.0	True	True	10000.0	True
1095.9502283333043	2.0	trials	0.0	True	True	10000.0	True
1102.2358645152608	2.0	trials	0.0	True	True	10000.0	True
1108.403909620329	2.0	trials	0.0	True	True	10000.0	True
1114.5331609020884	2.0	trials	0.0	True	True	10000.0	True
1121.7429368036628	2.0	trials	0.0	True	True	10000.0	True
1127.958156580282	2.0	trials	0.0	True	True	10000.0	True
1135.8720965352306	2.0	trials	0.0	True	True	10000.0	True
1142.34029696808	2.0	trials	0.0	True	True	10000.0	True
1147.884357681312	2.0	trials	0.0	True	True	10000.0	True
1155.5345169178615	2.0	trials	0.0	True	True	10000.0	True
1163.3993813903173	2.0	trials	0.0	True	True	10000.0	True
1171.4030050615113	2.0	trials	0.0	True	True	10000.0	True
1178.1546855261547	2.0	trials	0.0	True	True	10000.0	True
1184.7285537672592	2.0	trials	0.0	True	True	10000.0	True
1192.7542959657737	2.0	trials	0.0	True	True	10000.0	True
1198.843543817262	2.0	trials	0.0	True	True	10000.0	True
1204.6871550547937	2.0	trials	0.0	True	True	10000.0	True
1212.7451246388189	2.0	trials	0.0	True	True	10000.0	True
1218.7871978187559	2.0	trials	0.0	True	True	10000.0	True
1226.5833738958208	2.0	trials	0.0	True	True	10000.0	True
1232.941672896046	2.0	trials	0.0	True	True	10000.0	True
1238.5455227534414	2.0	trials	0.0	True	True	10000.0	True
1245.4363080188127	2.0	trials	0.0	True	True	10000.0	True
1250.9718150828073	2.0	trials	0.0	True	True	10000.0	True
1259.047669569783	2.0	trials	0.0	True	True	10000.0	True
1266.494960438563	2.0	trials	0.0	True	True	10000.0	True
1274.1622269735872	2.0	trials	0.0	True	True	10000.0	True
1280.5763406950978	2.0	trials	0.0	True	True	10000.0	True
1287.0919750009907	2.0	trials	0.0	True	True	10000.0	True
1293.5602618343378	2.0	trials	0.0	True	True	10000.0	True
1299.8722501679852	2.0	trials	0.0	True	True	10000.0	True
1306.634471493305	2.0	trials	0.0	True	True	10000.0	True
1313.0974878963139	2.0	trials	0.0	True	True	10000.0	True
1321.1628015226133	2.0	trials	0.0	True	True	10000.0	True
1326.320824813701	2.0	trials	0.0	True	True	10000.0	True
1333.6647806876547	2.0	trials	0.0	True	True	10000.0	True
1339.9409992154003	2.0	trials	0.0	True	True	10000.0	True
1347.2951503480408	2.0	trials	0.0	True	True	10000.0	True
1354.7071034134062	2.0	trials	0.0	True	True	10000.0	True
1360.8513019812067	2.0	trials	0.0	True	True	10000.0	True
1367.5596957966795	2.0	trials	0.0	True	True	10000.0	True
1373.1010780944937	2.0	trials	0.0	True	True	10000.0	True
1380.504304709627	2.0	trials	0.0	True	True	10000.0	True
1386.9936732643266	2.0	trials	0.0	True	True	10000.0	True
1392.9033808823287	2.0	trials	0.0	True	True	10000.0	True
1400.0016137418288	2.0	trials	0.0	True	True	10000.0	True
1406.8536915843888	2.0	trials	0.0	True	True	10000.0	True
1414.2173467717375	2.0	trials	0.0	True	True	10000.0	True
1420.9793088955653	2.0	trials	0.0	True	True	10000.0	True
1426.396188076703	2.0	trials	0.0	True	True	10000.0	True
1432.588079719039	2.0	trials	0.0	True	True	10000.0	True
1439.0260399778172	2.0	trials	0.0	True	True	10000.0	True
1445.2882616249929	2.0	trials	0.0	True	True	10000.0	True
1451.8441585626492	2.0	trials	0.0	True	True	10000.0	True
1459.8114940249575	2.0	trials	0.0	True	True	10000.0	True
1467.2002053565368	2.0	trials	0.0	True	True	10000.0	True
1473.226380844962	2.0	trials	0.0	True	True	10000.0	True
1478.4466124941393	2.0	trials	0.0	True	True	10000.0	True
1483.6966523149006	2.0	trials	0.0	True	True	10000.0	True
1489.5406955549195	2.0	trials	0.0	True	True	10000.0	True
1494.8449084875176	2.0	trials	0.0	True	True	10000.0	True
1501.0506242094284	2.0	trials	0.0	True	True	10000.0	True
1509.0606415174261	2.0	trials	0.0	True	True	10000.0	True
1514.3241598157738	2.0	trials	0.0	True	True	10000.0	True
1520.4592863313533	2.0	trials	0.0	True	True	10000.0	True
1527.5708248674443	2.0	trials	0.0	True	True	10000.0	True
1533.0792885757699	2.0	trials	0.0	True	True	10000.0	True
