name	probe_name	x	y	z	hemisphere	impedance	shank_id	location
e000	array	n/a	n/a	n/a	n/a	150.0	probe1	ACB
e001	array	n/a	n/a	n/a	n/a	150.0	probe1	ACB
e002	array	n/a	n/a	n/a	n/a	150.0	probe1	ACB
e003	array	n/a	n/a	n/a	n/a	150.0	probe1	ACB
e004	array	n/a	n/a	n/a	n/a	150.0	probe1	ACB
e005	array	n/a	n/a	n/a	n/a	150.0	probe1	ACB
e006	array	n/a	n/a	n/a	n/a	150.0	probe1	ACB
e007	array	n/a	n/a	n/a	n/a	150.0	probe1	ACB
e008	array	n/a	n/a	n/a	n/a	150.0	probe1	ACB
e009	array	n/a	n/a	n/a	n/a	150.0	probe1	ACB
e010	array	n/a	n/a	n/a	n/a	150.0	probe1	ACB
e011	array	n/a	n/a	n/a	n/a	150.0	probe1	ACB
e012	array	n/a	n/a	n/a	n/a	150.0	probe1	ACB
e013	array	n/a	n/a	n/a	n/a	150.0	probe1	ACB
e014	array	n/a	n/a	n/a	n/a	150.0	probe1	ACB
e015	array	n/a	n/a	n/a	n/a	150.0	probe1	ACB
e016	array	n/a	n/a	n/a	n/a	150.0	probe1	ACB
e017	array	n/a	n/a	n/a	n/a	150.0	probe1	ACB
e018	array	n/a	n/a	n/a	n/a	150.0	probe1	ACB
e019	array	n/a	n/a	n/a	n/a	150.0	probe1	ACB
e020	array	n/a	n/a	n/a	n/a	150.0	probe1	ACB
e021	array	n/a	n/a	n/a	n/a	150.0	probe1	ACB
e022	array	n/a	n/a	n/a	n/a	150.0	probe1	ACB
e023	array	n/a	n/a	n/a	n/a	150.0	probe1	ACB
e024	array	n/a	n/a	n/a	n/a	150.0	probe1	ACB
e025	array	n/a	n/a	n/a	n/a	150.0	probe1	ACB
e026	array	n/a	n/a	n/a	n/a	150.0	probe1	ACB
e027	array	n/a	n/a	n/a	n/a	150.0	probe1	ACB
e028	array	n/a	n/a	n/a	n/a	150.0	probe1	ACB
e029	array	n/a	n/a	n/a	n/a	150.0	probe1	ACB
e030	array	n/a	n/a	n/a	n/a	150.0	probe1	ACB
e031	array	n/a	n/a	n/a	n/a	150.0	probe1	ACB
e032	array	n/a	n/a	n/a	n/a	150.0	probe1	ACB
e033	array	n/a	n/a	n/a	n/a	150.0	probe1	ACB
e034	array	n/a	n/a	n/a	n/a	150.0	probe1	ACB
e035	array	n/a	n/a	n/a	n/a	150.0	probe1	ACB
e036	array	n/a	n/a	n/a	n/a	150.0	probe1	ACB
e037	array	n/a	n/a	n/a	n/a	150.0	probe1	ACB
e038	array	n/a	n/a	n/a	n/a	150.0	probe1	ACB
e039	array	n/a	n/a	n/a	n/a	150.0	probe1	ACB
e040	array	n/a	n/a	n/a	n/a	150.0	probe1	ACB
e041	array	n/a	n/a	n/a	n/a	150.0	probe1	ACB
e042	array	n/a	n/a	n/a	n/a	150.0	probe1	ACB
e043	array	n/a	n/a	n/a	n/a	150.0	probe1	ACB
e044	array	n/a	n/a	n/a	n/a	150.0	probe1	ACB
e045	array	n/a	n/a	n/a	n/a	150.0	probe1	ACB
e046	array	n/a	n/a	n/a	n/a	150.0	probe1	ACB
e047	array	n/a	n/a	n/a	n/a	150.0	probe1	ACB
e048	array	n/a	n/a	n/a	n/a	150.0	probe1	ACB
e049	array	n/a	n/a	n/a	n/a	150.0	probe1	ACB
e050	array	n/a	n/a	n/a	n/a	150.0	probe1	ACB
e051	array	n/a	n/a	n/a	n/a	150.0	probe1	ACB
e052	array	n/a	n/a	n/a	n/a	150.0	probe1	ACB
e053	array	n/a	n/a	n/a	n/a	150.0	probe1	ACB
e054	array	n/a	n/a	n/a	n/a	150.0	probe1	ACB
e055	array	n/a	n/a	n/a	n/a	150.0	probe1	ACB
e056	array	n/a	n/a	n/a	n/a	150.0	probe1	ACB
e057	array	n/a	n/a	n/a	n/a	150.0	probe1	ACB
e058	array	n/a	n/a	n/a	n/a	150.0	probe1	ACB
e059	array	n/a	n/a	n/a	n/a	150.0	probe1	ACB
e060	array	n/a	n/a	n/a	n/a	150.0	probe1	ACB
e061	array	n/a	n/a	n/a	n/a	150.0	probe1	ACB
e062	array	n/a	n/a	n/a	n/a	150.0	probe1	ACB
e063	array	n/a	n/a	n/a	n/a	150.0	probe1	ACB
e064	array	n/a	n/a	n/a	n/a	150.0	probe1	ACB
e065	array	n/a	n/a	n/a	n/a	150.0	probe1	ACB
e066	array	n/a	n/a	n/a	n/a	150.0	probe1	ACB
e067	array	n/a	n/a	n/a	n/a	150.0	probe1	ACB
e068	array	n/a	n/a	n/a	n/a	150.0	probe1	ACB
e069	array	n/a	n/a	n/a	n/a	150.0	probe1	ACB
e070	array	n/a	n/a	n/a	n/a	150.0	probe1	ACB
e071	array	n/a	n/a	n/a	n/a	150.0	probe1	ACB
e072	array	n/a	n/a	n/a	n/a	150.0	probe1	ACB
e073	array	n/a	n/a	n/a	n/a	150.0	probe1	ACB
e074	array	n/a	n/a	n/a	n/a	150.0	probe1	ACB
e075	array	n/a	n/a	n/a	n/a	150.0	probe1	ACB
e076	array	n/a	n/a	n/a	n/a	150.0	probe1	ACB
e077	array	n/a	n/a	n/a	n/a	150.0	probe1	ACB
e078	array	n/a	n/a	n/a	n/a	150.0	probe1	ACB
e079	array	n/a	n/a	n/a	n/a	150.0	probe1	ACB
e080	array	n/a	n/a	n/a	n/a	150.0	probe1	ACB
e081	array	n/a	n/a	n/a	n/a	150.0	probe1	ACB
e082	array	n/a	n/a	n/a	n/a	150.0	probe1	ACB
e083	array	n/a	n/a	n/a	n/a	150.0	probe1	ACB
e084	array	n/a	n/a	n/a	n/a	150.0	probe1	ACB
e085	array	n/a	n/a	n/a	n/a	150.0	probe1	ACB
e086	array	n/a	n/a	n/a	n/a	150.0	probe1	ACB
e087	array	n/a	n/a	n/a	n/a	150.0	probe1	ACB
e088	array	n/a	n/a	n/a	n/a	150.0	probe1	ACB
e089	array	n/a	n/a	n/a	n/a	150.0	probe1	ACB
e090	array	n/a	n/a	n/a	n/a	150.0	probe1	STR
e091	array	n/a	n/a	n/a	n/a	150.0	probe1	STR
e092	array	n/a	n/a	n/a	n/a	150.0	probe1	LSv
e093	array	n/a	n/a	n/a	n/a	150.0	probe1	LSv
e094	array	n/a	n/a	n/a	n/a	150.0	probe1	LSv
e095	array	n/a	n/a	n/a	n/a	150.0	probe1	LSv
e096	array	n/a	n/a	n/a	n/a	150.0	probe1	LSv
e097	array	n/a	n/a	n/a	n/a	150.0	probe1	LSv
e098	array	n/a	n/a	n/a	n/a	150.0	probe1	LSv
e099	array	n/a	n/a	n/a	n/a	150.0	probe1	LSv
e100	array	n/a	n/a	n/a	n/a	150.0	probe1	LSv
e101	array	n/a	n/a	n/a	n/a	150.0	probe1	LSv
e102	array	n/a	n/a	n/a	n/a	150.0	probe1	LSv
e103	array	n/a	n/a	n/a	n/a	150.0	probe1	LSv
e104	array	n/a	n/a	n/a	n/a	150.0	probe1	LSv
e105	array	n/a	n/a	n/a	n/a	150.0	probe1	LSv
e106	array	n/a	n/a	n/a	n/a	150.0	probe1	LSv
e107	array	n/a	n/a	n/a	n/a	150.0	probe1	LSv
e108	array	n/a	n/a	n/a	n/a	150.0	probe1	LSv
e109	array	n/a	n/a	n/a	n/a	150.0	probe1	LSv
e110	array	n/a	n/a	n/a	n/a	150.0	probe1	LSr
e111	array	n/a	n/a	n/a	n/a	150.0	probe1	LSr
e112	array	n/a	n/a	n/a	n/a	150.0	probe1	LSr
e113	array	n/a	n/a	n/a	n/a	150.0	probe1	LSr
e114	array	n/a	n/a	n/a	n/a	150.0	probe1	LSr
e115	array	n/a	n/a	n/a	n/a	150.0	probe1	LSr
e116	array	n/a	n/a	n/a	n/a	150.0	probe1	LSr
e117	array	n/a	n/a	n/a	n/a	150.0	probe1	LSr
e118	array	n/a	n/a	n/a	n/a	150.0	probe1	LSr
e119	array	n/a	n/a	n/a	n/a	150.0	probe1	LSr
e120	array	n/a	n/a	n/a	n/a	150.0	probe1	LSr
e121	array	n/a	n/a	n/a	n/a	150.0	probe1	LSr
e122	array	n/a	n/a	n/a	n/a	150.0	probe1	SEZ
e123	array	n/a	n/a	n/a	n/a	150.0	probe1	SEZ
e124	array	n/a	n/a	n/a	n/a	150.0	probe1	SEZ
e125	array	n/a	n/a	n/a	n/a	150.0	probe1	SEZ
e126	array	n/a	n/a	n/a	n/a	150.0	probe1	VL
e127	array	n/a	n/a	n/a	n/a	150.0	probe1	VL
e128	array	n/a	n/a	n/a	n/a	150.0	probe1	VL
e129	array	n/a	n/a	n/a	n/a	150.0	probe1	VL
e130	array	n/a	n/a	n/a	n/a	150.0	probe1	VL
e131	array	n/a	n/a	n/a	n/a	150.0	probe1	VL
e132	array	n/a	n/a	n/a	n/a	150.0	probe1	VL
e133	array	n/a	n/a	n/a	n/a	150.0	probe1	VL
e134	array	n/a	n/a	n/a	n/a	150.0	probe1	VL
e135	array	n/a	n/a	n/a	n/a	150.0	probe1	VL
e136	array	n/a	n/a	n/a	n/a	150.0	probe1	VL
e137	array	n/a	n/a	n/a	n/a	150.0	probe1	VL
e138	array	n/a	n/a	n/a	n/a	150.0	probe1	VL
e139	array	n/a	n/a	n/a	n/a	150.0	probe1	VL
e140	array	n/a	n/a	n/a	n/a	150.0	probe1	VL
e141	array	n/a	n/a	n/a	n/a	150.0	probe1	VL
e142	array	n/a	n/a	n/a	n/a	150.0	probe1	VL
e143	array	n/a	n/a	n/a	n/a	150.0	probe1	VL
e144	array	n/a	n/a	n/a	n/a	150.0	probe1	VL
e145	array	n/a	n/a	n/a	n/a	150.0	probe1	VL
e146	array	n/a	n/a	n/a	n/a	150.0	probe1	SEZ
e147	array	n/a	n/a	n/a	n/a	150.0	probe1	SEZ
e148	array	n/a	n/a	n/a	n/a	150.0	probe1	SEZ
e149	array	n/a	n/a	n/a	n/a	150.0	probe1	SEZ
e150	array	n/a	n/a	n/a	n/a	150.0	probe1	OLF
e151	array	n/a	n/a	n/a	n/a	150.0	probe1	OLF
e152	array	n/a	n/a	n/a	n/a	150.0	probe1	OLF
e153	array	n/a	n/a	n/a	n/a	150.0	probe1	OLF
e154	array	n/a	n/a	n/a	n/a	150.0	probe1	OLF
e155	array	n/a	n/a	n/a	n/a	150.0	probe1	OLF
e156	array	n/a	n/a	n/a	n/a	150.0	probe1	OLF
e157	array	n/a	n/a	n/a	n/a	150.0	probe1	OLF
e158	array	n/a	n/a	n/a	n/a	150.0	probe1	OLF
e159	array	n/a	n/a	n/a	n/a	150.0	probe1	OLF
e160	array	n/a	n/a	n/a	n/a	150.0	probe1	OLF
e161	array	n/a	n/a	n/a	n/a	150.0	probe1	OLF
e162	array	n/a	n/a	n/a	n/a	150.0	probe1	OLF
e163	array	n/a	n/a	n/a	n/a	150.0	probe1	OLF
e164	array	n/a	n/a	n/a	n/a	150.0	probe1	OLF
e165	array	n/a	n/a	n/a	n/a	150.0	probe1	OLF
e166	array	n/a	n/a	n/a	n/a	150.0	probe1	OLF
e167	array	n/a	n/a	n/a	n/a	150.0	probe1	OLF
e168	array	n/a	n/a	n/a	n/a	150.0	probe1	OLF
e169	array	n/a	n/a	n/a	n/a	150.0	probe1	OLF
e170	array	n/a	n/a	n/a	n/a	150.0	probe1	OLF
e171	array	n/a	n/a	n/a	n/a	150.0	probe1	OLF
e172	array	n/a	n/a	n/a	n/a	150.0	probe1	OLF
e173	array	n/a	n/a	n/a	n/a	150.0	probe1	OLF
e174	array	n/a	n/a	n/a	n/a	150.0	probe1	OLF
e175	array	n/a	n/a	n/a	n/a	150.0	probe1	OLF
e176	array	n/a	n/a	n/a	n/a	150.0	probe1	OLF
e177	array	n/a	n/a	n/a	n/a	150.0	probe1	OLF
e178	array	n/a	n/a	n/a	n/a	150.0	probe1	OLF
e179	array	n/a	n/a	n/a	n/a	150.0	probe1	OLF
e180	array	n/a	n/a	n/a	n/a	150.0	probe1	OLF
e181	array	n/a	n/a	n/a	n/a	150.0	probe1	OLF
e182	array	n/a	n/a	n/a	n/a	150.0	probe1	OLF
e183	array	n/a	n/a	n/a	n/a	150.0	probe1	OLF
e184	array	n/a	n/a	n/a	n/a	150.0	probe1	OLF
e185	array	n/a	n/a	n/a	n/a	150.0	probe1	OLF
e186	array	n/a	n/a	n/a	n/a	150.0	probe1	OLF
e187	array	n/a	n/a	n/a	n/a	150.0	probe1	OLF
e188	array	n/a	n/a	n/a	n/a	150.0	probe1	OLF
e189	array	n/a	n/a	n/a	n/a	150.0	probe1	OLF
e190	array	n/a	n/a	n/a	n/a	150.0	probe1	OLF
e191	array	n/a	n/a	n/a	n/a	150.0	probe1	OLF
e192	array	n/a	n/a	n/a	n/a	150.0	probe1	OLF
e193	array	n/a	n/a	n/a	n/a	150.0	probe1	OLF
e194	array	n/a	n/a	n/a	n/a	150.0	probe1	OLF
e195	array	n/a	n/a	n/a	n/a	150.0	probe1	cing
e196	array	n/a	n/a	n/a	n/a	150.0	probe1	cing
e197	array	n/a	n/a	n/a	n/a	150.0	probe1	ILA6a
e198	array	n/a	n/a	n/a	n/a	150.0	probe1	ILA6a
e199	array	n/a	n/a	n/a	n/a	150.0	probe1	ILA6a
e200	array	n/a	n/a	n/a	n/a	150.0	probe1	ILA6a
e201	array	n/a	n/a	n/a	n/a	150.0	probe1	ILA6a
e202	array	n/a	n/a	n/a	n/a	150.0	probe1	ILA6b
e203	array	n/a	n/a	n/a	n/a	150.0	probe1	ILA6a
e204	array	n/a	n/a	n/a	n/a	150.0	probe1	ILA6a
e205	array	n/a	n/a	n/a	n/a	150.0	probe1	ILA6a
e206	array	n/a	n/a	n/a	n/a	150.0	probe1	ILA6a
e207	array	n/a	n/a	n/a	n/a	150.0	probe1	ILA6a
e208	array	n/a	n/a	n/a	n/a	150.0	probe1	ILA6a
e209	array	n/a	n/a	n/a	n/a	150.0	probe1	ILA6a
e210	array	n/a	n/a	n/a	n/a	150.0	probe1	ILA6a
e211	array	n/a	n/a	n/a	n/a	150.0	probe1	ILA6a
e212	array	n/a	n/a	n/a	n/a	150.0	probe1	ILA6a
e213	array	n/a	n/a	n/a	n/a	150.0	probe1	ILA6a
e214	array	n/a	n/a	n/a	n/a	150.0	probe1	ILA6a
e215	array	n/a	n/a	n/a	n/a	150.0	probe1	ILA6a
e216	array	n/a	n/a	n/a	n/a	150.0	probe1	ILA6a
e217	array	n/a	n/a	n/a	n/a	150.0	probe1	ILA6a
e218	array	n/a	n/a	n/a	n/a	150.0	probe1	ILA6a
e219	array	n/a	n/a	n/a	n/a	150.0	probe1	ILA6a
e220	array	n/a	n/a	n/a	n/a	150.0	probe1	ILA6a
e221	array	n/a	n/a	n/a	n/a	150.0	probe1	ILA6a
e222	array	n/a	n/a	n/a	n/a	150.0	probe1	ILA6a
e223	array	n/a	n/a	n/a	n/a	150.0	probe1	ILA6a
e224	array	n/a	n/a	n/a	n/a	150.0	probe1	ILA6a
e225	array	n/a	n/a	n/a	n/a	150.0	probe1	ILA6a
e226	array	n/a	n/a	n/a	n/a	150.0	probe1	ILA6a
e227	array	n/a	n/a	n/a	n/a	150.0	probe1	ILA6a
e228	array	n/a	n/a	n/a	n/a	150.0	probe1	ILA6a
e229	array	n/a	n/a	n/a	n/a	150.0	probe1	ILA6a
e230	array	n/a	n/a	n/a	n/a	150.0	probe1	ILA6a
e231	array	n/a	n/a	n/a	n/a	150.0	probe1	ILA6a
e232	array	n/a	n/a	n/a	n/a	150.0	probe1	ILA6a
e233	array	n/a	n/a	n/a	n/a	150.0	probe1	ILA6a
e234	array	n/a	n/a	n/a	n/a	150.0	probe1	ILA6a
e235	array	n/a	n/a	n/a	n/a	150.0	probe1	ILA6a
e236	array	n/a	n/a	n/a	n/a	150.0	probe1	ILA6a
e237	array	n/a	n/a	n/a	n/a	150.0	probe1	ILA6a
e238	array	n/a	n/a	n/a	n/a	150.0	probe1	ILA6a
e239	array	n/a	n/a	n/a	n/a	150.0	probe1	ILA6a
e240	array	n/a	n/a	n/a	n/a	150.0	probe1	ILA6a
e241	array	n/a	n/a	n/a	n/a	150.0	probe1	ILA6a
e242	array	n/a	n/a	n/a	n/a	150.0	probe1	ILA6a
e243	array	n/a	n/a	n/a	n/a	150.0	probe1	ILA6a
e244	array	n/a	n/a	n/a	n/a	150.0	probe1	ILA6a
e245	array	n/a	n/a	n/a	n/a	150.0	probe1	ILA6a
e246	array	n/a	n/a	n/a	n/a	150.0	probe1	ILA6a
e247	array	n/a	n/a	n/a	n/a	150.0	probe1	ILA6a
e248	array	n/a	n/a	n/a	n/a	150.0	probe1	ILA6a
e249	array	n/a	n/a	n/a	n/a	150.0	probe1	ILA6a
e250	array	n/a	n/a	n/a	n/a	150.0	probe1	ILA6a
e251	array	n/a	n/a	n/a	n/a	150.0	probe1	ILA6a
e252	array	n/a	n/a	n/a	n/a	150.0	probe1	ILA6a
e253	array	n/a	n/a	n/a	n/a	150.0	probe1	ILA6a
e254	array	n/a	n/a	n/a	n/a	150.0	probe1	ILA6a
e255	array	n/a	n/a	n/a	n/a	150.0	probe1	ILA6a
e256	array	n/a	n/a	n/a	n/a	150.0	probe1	ILA6a
e257	array	n/a	n/a	n/a	n/a	150.0	probe1	ILA6a
e258	array	n/a	n/a	n/a	n/a	150.0	probe1	ILA6a
e259	array	n/a	n/a	n/a	n/a	150.0	probe1	ILA6a
e260	array	n/a	n/a	n/a	n/a	150.0	probe1	ILA6a
e261	array	n/a	n/a	n/a	n/a	150.0	probe1	ILA6a
e262	array	n/a	n/a	n/a	n/a	150.0	probe1	ILA6a
e263	array	n/a	n/a	n/a	n/a	150.0	probe1	ILA6a
e264	array	n/a	n/a	n/a	n/a	150.0	probe1	ILA6a
e265	array	n/a	n/a	n/a	n/a	150.0	probe1	ILA6a
e266	array	n/a	n/a	n/a	n/a	150.0	probe1	ILA6a
e267	array	n/a	n/a	n/a	n/a	150.0	probe1	ILA6a
e268	array	n/a	n/a	n/a	n/a	150.0	probe1	ILA6a
e269	array	n/a	n/a	n/a	n/a	150.0	probe1	ILA6a
e270	array	n/a	n/a	n/a	n/a	150.0	probe1	ILA6a
e271	array	n/a	n/a	n/a	n/a	150.0	probe1	PL6a
e272	array	n/a	n/a	n/a	n/a	150.0	probe1	PL6a
e273	array	n/a	n/a	n/a	n/a	150.0	probe1	PL6a
e274	array	n/a	n/a	n/a	n/a	150.0	probe1	PL6a
e275	array	n/a	n/a	n/a	n/a	150.0	probe1	PL6a
e276	array	n/a	n/a	n/a	n/a	150.0	probe1	PL6a
e277	array	n/a	n/a	n/a	n/a	150.0	probe1	PL6a
e278	array	n/a	n/a	n/a	n/a	150.0	probe1	PL6a
e279	array	n/a	n/a	n/a	n/a	150.0	probe1	PL6a
e280	array	n/a	n/a	n/a	n/a	150.0	probe1	PL6a
e281	array	n/a	n/a	n/a	n/a	150.0	probe1	PL6a
e282	array	n/a	n/a	n/a	n/a	150.0	probe1	PL6a
e283	array	n/a	n/a	n/a	n/a	150.0	probe1	PL6a
e284	array	n/a	n/a	n/a	n/a	150.0	probe1	PL6a
e285	array	n/a	n/a	n/a	n/a	150.0	probe1	PL6a
e286	array	n/a	n/a	n/a	n/a	150.0	probe1	PL6a
e287	array	n/a	n/a	n/a	n/a	150.0	probe1	PL6a
e288	array	n/a	n/a	n/a	n/a	150.0	probe1	PL6a
e289	array	n/a	n/a	n/a	n/a	150.0	probe1	PL6a
e290	array	n/a	n/a	n/a	n/a	150.0	probe1	PL6a
e291	array	n/a	n/a	n/a	n/a	150.0	probe1	PL6a
e292	array	n/a	n/a	n/a	n/a	150.0	probe1	PL6a
e293	array	n/a	n/a	n/a	n/a	150.0	probe1	PL6a
e294	array	n/a	n/a	n/a	n/a	150.0	probe1	PL6a
e295	array	n/a	n/a	n/a	n/a	150.0	probe1	PL6a
e296	array	n/a	n/a	n/a	n/a	150.0	probe1	PL6a
e297	array	n/a	n/a	n/a	n/a	150.0	probe1	PL6a
e298	array	n/a	n/a	n/a	n/a	150.0	probe1	PL6a
e299	array	n/a	n/a	n/a	n/a	150.0	probe1	PL6a
e300	array	n/a	n/a	n/a	n/a	150.0	probe1	PL6a
e301	array	n/a	n/a	n/a	n/a	150.0	probe1	PL6a
e302	array	n/a	n/a	n/a	n/a	150.0	probe1	PL6a
e303	array	n/a	n/a	n/a	n/a	150.0	probe1	PL6a
e304	array	n/a	n/a	n/a	n/a	150.0	probe1	PL6a
e305	array	n/a	n/a	n/a	n/a	150.0	probe1	PL6a
e306	array	n/a	n/a	n/a	n/a	150.0	probe1	PL6a
e307	array	n/a	n/a	n/a	n/a	150.0	probe1	PL6a
e308	array	n/a	n/a	n/a	n/a	150.0	probe1	PL6a
e309	array	n/a	n/a	n/a	n/a	150.0	probe1	PL6a
e310	array	n/a	n/a	n/a	n/a	150.0	probe1	PL6a
e311	array	n/a	n/a	n/a	n/a	150.0	probe1	PL6a
e312	array	n/a	n/a	n/a	n/a	150.0	probe1	PL6a
e313	array	n/a	n/a	n/a	n/a	150.0	probe1	PL6a
e314	array	n/a	n/a	n/a	n/a	150.0	probe1	PL6a
e315	array	n/a	n/a	n/a	n/a	150.0	probe1	PL6a
e316	array	n/a	n/a	n/a	n/a	150.0	probe1	PL6a
e317	array	n/a	n/a	n/a	n/a	150.0	probe1	PL6a
e318	array	n/a	n/a	n/a	n/a	150.0	probe1	PL6a
e319	array	n/a	n/a	n/a	n/a	150.0	probe1	PL6a
e320	array	n/a	n/a	n/a	n/a	150.0	probe1	PL6a
e321	array	n/a	n/a	n/a	n/a	150.0	probe1	PL6a
e322	array	n/a	n/a	n/a	n/a	150.0	probe1	PL6a
e323	array	n/a	n/a	n/a	n/a	150.0	probe1	PL6a
e324	array	n/a	n/a	n/a	n/a	150.0	probe1	PL6a
e325	array	n/a	n/a	n/a	n/a	150.0	probe1	PL6a
e326	array	n/a	n/a	n/a	n/a	150.0	probe1	PL6a
e327	array	n/a	n/a	n/a	n/a	150.0	probe1	PL6a
e328	array	n/a	n/a	n/a	n/a	150.0	probe1	PL6a
e329	array	n/a	n/a	n/a	n/a	150.0	probe1	PL6a
e330	array	n/a	n/a	n/a	n/a	150.0	probe1	PL6a
e331	array	n/a	n/a	n/a	n/a	150.0	probe1	PL6a
e332	array	n/a	n/a	n/a	n/a	150.0	probe1	PL6a
e333	array	n/a	n/a	n/a	n/a	150.0	probe1	PL6a
e334	array	n/a	n/a	n/a	n/a	150.0	probe1	PL6a
e335	array	n/a	n/a	n/a	n/a	150.0	probe1	PL6a
e336	array	n/a	n/a	n/a	n/a	150.0	probe1	PL6a
e337	array	n/a	n/a	n/a	n/a	150.0	probe1	PL6a
e338	array	n/a	n/a	n/a	n/a	150.0	probe1	PL6a
e339	array	n/a	n/a	n/a	n/a	150.0	probe1	PL6a
e340	array	n/a	n/a	n/a	n/a	150.0	probe1	PL6a
e341	array	n/a	n/a	n/a	n/a	150.0	probe1	PL6a
e342	array	n/a	n/a	n/a	n/a	150.0	probe1	PL6a
e343	array	n/a	n/a	n/a	n/a	150.0	probe1	PL6a
e344	array	n/a	n/a	n/a	n/a	150.0	probe1	PL6a
e345	array	n/a	n/a	n/a	n/a	150.0	probe1	PL6a
e346	array	n/a	n/a	n/a	n/a	150.0	probe1	PL6a
e347	array	n/a	n/a	n/a	n/a	150.0	probe1	PL6a
e348	array	n/a	n/a	n/a	n/a	150.0	probe1	PL6a
e349	array	n/a	n/a	n/a	n/a	150.0	probe1	PL6a
e350	array	n/a	n/a	n/a	n/a	150.0	probe1	PL6a
e351	array	n/a	n/a	n/a	n/a	150.0	probe1	PL6a
e352	array	n/a	n/a	n/a	n/a	150.0	probe1	PL6a
e353	array	n/a	n/a	n/a	n/a	150.0	probe1	MOs6a
e354	array	n/a	n/a	n/a	n/a	150.0	probe1	MOs6a
e355	array	n/a	n/a	n/a	n/a	150.0	probe1	MOs5
e356	array	n/a	n/a	n/a	n/a	150.0	probe1	MOs5
e357	array	n/a	n/a	n/a	n/a	150.0	probe1	MOs5
e358	array	n/a	n/a	n/a	n/a	150.0	probe1	MOs5
e359	array	n/a	n/a	n/a	n/a	150.0	probe1	MOs5
e360	array	n/a	n/a	n/a	n/a	150.0	probe1	MOs5
e361	array	n/a	n/a	n/a	n/a	150.0	probe1	MOs5
e362	array	n/a	n/a	n/a	n/a	150.0	probe1	MOs5
e363	array	n/a	n/a	n/a	n/a	150.0	probe1	MOs5
e364	array	n/a	n/a	n/a	n/a	150.0	probe1	MOs5
e365	array	n/a	n/a	n/a	n/a	150.0	probe1	MOs5
e366	array	n/a	n/a	n/a	n/a	150.0	probe1	MOs5
e367	array	n/a	n/a	n/a	n/a	150.0	probe1	MOs5
e368	array	n/a	n/a	n/a	n/a	150.0	probe1	MOs5
e369	array	n/a	n/a	n/a	n/a	150.0	probe1	MOs5
e370	array	n/a	n/a	n/a	n/a	150.0	probe1	MOs5
e371	array	n/a	n/a	n/a	n/a	150.0	probe1	MOs5
e372	array	n/a	n/a	n/a	n/a	150.0	probe1	MOs5
e373	array	n/a	n/a	n/a	n/a	150.0	probe1	MOs5
e374	array	n/a	n/a	n/a	n/a	150.0	probe1	MOs5
e375	array	n/a	n/a	n/a	n/a	150.0	probe1	MOs5
e376	array	n/a	n/a	n/a	n/a	150.0	probe1	MOs5
e377	array	n/a	n/a	n/a	n/a	150.0	probe1	MOs5
e378	array	n/a	n/a	n/a	n/a	150.0	probe1	MOs5
e379	array	n/a	n/a	n/a	n/a	150.0	probe1	MOs5
e380	array	n/a	n/a	n/a	n/a	150.0	probe1	MOs5
e381	array	n/a	n/a	n/a	n/a	150.0	probe1	MOs5
e382	array	n/a	n/a	n/a	n/a	150.0	probe1	MOs5
